{"fromDate":"Jun-2026","toDate":"Jun-2026","totalRevenue":80.86421728134155,"totalCost":64.69137382507324,"totalProfit":16.17284345626831,"items":[{"name":"Lemons","qty":1.0,"revenue":45.71945667266846,"cost":36.575565338134766,"profit":9.143891334533691},{"name":"Nature's Best Organic Whole Milk (1 Gallon)","qty":2.0,"revenue":35.144760608673096,"cost":14.057904243469238,"profit":21.086856365203857}]}